frame,head_to_l_shoulder,head_to_r_shoulder,head_to_l_wrist,head_to_r_wrist,L_wrist_displacement,R_wrist_displacement,L_elbow_displacement,R_elbow_displacement,L_elbow_to_wrist,R_elbow_to_wrist,shoulder_distance,pose_stability_index,L_wrist_velocity,R_wrist_velocity,L_elbow_velocity,R_elbow_velocity,L_wrist_acceleration,R_wrist_acceleration,L_elbow_acceleration,R_elbow_acceleration,L_wrist_vel_smoothed,L_wrist_accel_smoothed,R_wrist_vel_smoothed,R_wrist_accel_smoothed,L_elbow_vel_smoothed,L_elbow_accel_smoothed,R_elbow_vel_smoothed,R_elbow_accel_smoothed,L_wrist_magnitude,R_wrist_magnitude,L_elbow_magnitude,R_elbow_magnitude,shoulder_angle,wrist_speed_asymmetry,normalized_head_height,wrist_distance
0,318.172235576472,105.30689552892538,217.17602412847367,132.3763275576113,0.0,0.0,0.0,0.0,307.3478860942295,331.36184308946923,409.3119912842159,260.1504576084853,0.0,0.0,0.0,0.0,0.0,0.0,0.0,0.0,0.0,0.0,0.0,0.0,0.0,0.0,0.0,0.0,0.0,0.0,0.0,0.0,145.4808225040913,0.0,-0.007511385118119353,89.49797926388837
1,323.44846046548884,100.10866858406219,210.30724657046414,128.57797466726754,0.0,0.0,0.0,0.0,288.47148214090413,328.18502234568723,413.33166696301953,256.06150310527056,9.309139450421782,4.81292328678737,23.914026128822442,11.192319944359149,9.309139450421782,4.81292328678737,23.914026128822442,11.192319944359149,4.654569725210891,4.654569725210891,2.406461643393685,2.406461643393685,11.957013064411221,11.957013064411221,5.596159972179574,5.596159972179574,13.165111264808903,6.8065013868359925,33.81954008232526,15.828330659731593,150.21056429667038,4.496216163634411,-0.025718014973556323,86.58348459877615
2,331.3153606876379,92.98394282144423,184.3642581838833,117.16690000017066,0.0,0.0,0.0,0.0,300.0365378545455,338.29677963056344,417.94775461576205,254.58736197057243,24.171369451224766,8.722034722958842,13.742971773997812,4.410456909539039,14.862230000802985,3.9091114361714716,-10.17105435482463,-6.78186303482011,11.160169633882182,8.057123150408255,4.511652669915404,2.907344907652947,12.552332634273418,4.580990591332604,5.200925617966063,1.4701523031796795,28.37500628624371,9.55798315173794,17.097357101894364,8.089857623837398,155.94801325770388,15.449334728265924,-0.04545273850666987,72.34101493224708
3,333.35068366299004,78.48211378521171,125.06308577997737,79.44545708660748,0.0,0.0,0.0,0.0,359.8764761697131,360.0033353855734,408.6896856936813,249.27297679482203,60.58065436290372,24.101107563761488,7.349904128551603,9.82375675042897,36.40928491167895,15.379072840802646,-6.39306764544621,5.413299840889931,23.51529081613757,15.145163590725929,9.409016393376925,6.025276890940372,11.251725507842965,1.8374760321379007,6.3566334010817895,2.4559391876072425,70.67992438321802,28.589845526737545,9.74127325446479,11.216506223373557,161.9360830149103,36.479546799142234,-0.06224184482861115,53.88332212707374
4,326.6258284633656,63.84800227767511,107.37511708816379,55.56520110142309,114.6606898346659,48.82745639670745,48.766495139675044,37.34484431012777,377.4486859111883,374.15183277379685,390.0415252220845,242.15088469109963,20.59952657011562,11.19139082319975,3.7595931083031853,11.918310705800614,-39.9811277927881,-12.909716740561738,-3.5903110202484174,2.0945539553716443,22.93213796693318,4.119905314023123,9.76549127934149,2.23827816463995,9.75329902793501,0.751918621660637,7.468968862025553,2.383662141160123,44.975894371275736,17.085315767615757,5.19854533135165,12.100962207690946,172.70705314494182,9.408135746915871,-0.06791328175869876,52.74887001527239
5,320.7968333482136,61.95167262156851,106.8415013466326,67.95589820480998,136.39056738854086,63.738204672836986,60.144006688779385,75.66136643732631,407.8310139770424,398.5220822879079,374.18456998665715,248.29765311040458,21.729877553874967,14.910748276129539,11.377511549104343,38.31652212719853,1.130350983759346,3.7193574529297884,7.617918440801157,26.398211421397917,27.27811347770817,4.345975510774992,12.747640934567396,2.982149655225908,12.028801337755876,2.2755023098208684,15.132273287465262,7.663304425439707,21.75925715305752,15.367629420856177,13.692350069316115,46.52979082451283,146.81562250727487,6.819129277745429,-0.12928520810391791,43.513153615027676
6,315.9468319488463,58.79410299383769,134.44502212358037,89.19748936701976,142.43332043163602,68.62750987068645,43.21324200985266,95.1865872976621,420.0184976231424,432.60842154582605,366.8249208182461,259.6907552029284,15.351892493516935,9.702228484636837,6.983261449895716,30.717540804694956,-6.377985060358032,-5.2085197914927015,-4.394250099208627,-7.598981322503576,28.486664086327202,1.2085506086190292,13.725501974137291,0.9778610395698933,8.642648401970531,-3.3861529357853457,19.03731745953242,3.9050441720671616,16.624057764656975,11.01189883655265,8.25078023049909,31.64351166081062,147.3510932024475,5.649664008880098,-0.11005856665884359,46.391447395932865
7,324.811685048313,68.39210917478285,148.61104980657987,91.2516889990694,147.31931249687545,75.2939771947626,37.91148822022169,95.02391838302115,448.1231975667366,440.9494274647943,378.6793509806656,271.5455012915631,29.057361516464205,15.388502047034985,8.441217984366844,4.247787994898077,13.70546902294727,5.6862735623981475,1.457956534471128,-26.46975280979688,29.46386249937509,0.9771984130478863,15.05879543895252,1.3332934648152286,7.582297644044338,-1.0603507579261937,19.00478367660423,-0.03253378292819278,32.12740480395922,16.405477813158264,8.566200926665525,26.8084224948308,138.38821898680933,13.66885946942922,-0.16900467330543106,59.98862456921727
8,328.45291279854706,70.29760516575229,160.1142466061393,94.35181062857242,107.19529678560025,62.04525020164094,32.91888361655024,95.47192822261957,466.3708181716836,459.69225020652675,382.5825217336123,280.2660236158334,20.456638651628516,10.852380570639825,2.3572995248801556,10.271766590027388,-8.600722864835689,-4.536121476395159,-6.083918459486688,6.023978595129312,21.43905935712005,-8.024803142255042,12.409050040328188,-2.6497453986243324,6.583776723310048,-0.9985209207342894,19.094385644523914,0.08960196791968347,22.19113558881134,11.762251574363395,6.524639826969999,11.907875838896667,136.58897321479543,9.604258080988691,-0.15964229030443475,68.4103324147866
9,315.9476381549014,76.16257960712464,170.36231320172786,88.13434647162029,106.37662969680142,52.40488437179234,33.80452859148885,96.13302946415972,472.60428618879445,449.7996135146416,373.0711905378207,278.01170966809013,19.78085948131679,1.551024993351162,4.645238083241791,12.579411947340757,-0.6757791703117277,-9.301355577288664,2.2879385583616356,2.307645357313369,21.275325939360282,-0.16373341775976727,10.480976874358468,-1.928073165969718,6.760905718297769,0.1771289949877212,19.226605892831945,0.13222024830802842,19.792399533826803,9.429787595972611,5.178117389248508,12.789324924953206,134.21022546616842,18.229834487965626,-0.14544922356983506,83.0539385532077
10,314.0173650068736,78.50181762825365,172.01563379315985,84.8921064130117,90.80948439737325,39.85377173609545,26.001133032738096,74.69013324264324,481.36860033423716,434.0766212805241,369.5371758327728,276.3441886126904,6.162732254446809,2.359635640432637,3.5741159903535875,16.873625905682058,-13.61812722686998,0.8086106470814751,-1.0711220928882037,4.294213958341301,18.16189687947465,-3.1134290598856325,7.97075434721909,-2.5102225271393808,5.200226606547619,-1.560679111750151,14.938026648528648,-4.288579244303295,14.947663964888175,2.4943398994871293,3.73116706278001,17.41147681056716,130.14830852930402,3.8030966140141715,-0.15682151564156813,88.06057065658605
11,308.459726942751,76.95914088499495,161.39466375268296,68.81255625767437,96.11309672000644,42.87452169943216,25.27562133434257,54.72936922098125,469.61273270280157,411.37851535171365,366.3422195764502,266.1370793527241,20.655504816150124,12.722978447973551,6.2577497515001905,10.75677678303297,14.492772561703315,10.363342807540914,2.683633761146603,-6.1168491226490875,19.222619344001288,1.060722464526637,8.574904339886432,0.6041499926673424,5.055124266868514,-0.14510233967910507,10.94587384419625,-3.9921528043323975,25.232723510062513,16.409541575991984,6.808914900067893,12.374331899106718,134.26196159255315,7.932526368176573,-0.14605897748248411,94.14466834892984
12,305.0064250867383,81.22909320916064,157.56872360380567,69.52247991199751,100.46585162506946,42.41585450304445,19.829859431593338,68.33600462450184,440.1378794089984,380.7098014354682,355.8379748490985,255.71605392932386,33.41011642152723,14.929834850647271,2.9954560816176152,17.85442339841866,12.754611605377104,2.2068564026737203,-3.2622936698825753,7.09764661538569,20.093170325013894,0.8705509810126039,8.48317090060889,-0.09173343927754303,3.9659718863186675,-1.0891523805498458,13.667200924900367,2.7213270807041168,35.761935021808085,15.092056978742951,4.42891827938334,19.21345940654352,123.00866522674421,18.480281570879956,-0.15951507149868163,89.51328212779154
13,300.74854629808266,78.8060850306783,138.26015903016025,63.6805668111151,125.58492768403207,45.249583232746275,27.667933976358547,65.09788960478285,404.72021866239794,361.2804415993141,354.80174286545224,243.18539432817153,45.57571471059113,13.686109300341652,10.195374069645364,7.033651570308405,12.165598289063901,-1.2437255503056193,7.1999179880277495,-10.820771828110257,25.116985536806414,5.023815211792522,9.049916646549255,0.566745745940365,5.5335867952717095,1.5676149089530418,13.01957792095657,-0.647623003943797,47.17146969421312,13.74250490359677,12.481364967595598,12.90586523130187,128.06265825978923,31.889605410249477,-0.14679268365305226,76.75335819248896
14,292.38949541342777,74.9691491577042,140.85904545286112,76.55144484433714,143.73048114172124,50.89730552228399,35.331705608768274,57.45699357242097,380.3900616236571,361.52334104547106,353.7508502723288,240.0619125442553,37.92641293900596,7.198747282888881,12.309009715651516,4.938515914978885,-7.649301771585172,-6.487362017452771,2.113635646006152,-2.0951356553295195,28.74609622834425,3.629110691537833,10.179461104456799,1.1295444579075435,7.066341121753655,1.532754326481945,11.491398714484195,-1.5281792064723747,38.69011005428615,9.69060516110263,12.489162334763341,5.364562690167093,140.911402298326,30.727665656117075,-0.122220766301242,64.36970760377591
15,288.2574085249696,65.0793314074668,152.31085481350593,71.34835402565989,172.23944921127935,67.73802819152877,47.4283870665217,47.601736927471784,360.5724888428894,351.8738384121502,353.11208135539135,234.6506224831476,34.671700324004895,19.20035830967742,15.670797448107018,7.018369260732867,-3.2547126150010612,12.001611026788538,3.361787732455502,2.079853345753982,34.44788984225587,5.701793613911617,13.547605638305754,3.368144533848956,9.48567741330434,2.419336291550686,9.520347385494357,-1.9710513289898386,34.82412895628329,22.642712435976634,16.02733631698311,7.320061271590835,174.72811512708282,15.471342014327476,-0.027411254134514628,80.99141261325174
16,285.56631413090395,70.14167923670206,158.2372553023624,81.33507300350205,165.7841996340324,63.915278462526445,62.2098814184132,45.50208785806301,329.22522546073606,337.8306277488173,354.05724093176025,230.91334511639772,14.200255238903223,8.900228718971224,21.039244103391685,8.657127713624186,-20.47144508510167,-10.300129590706195,5.368446655284666,1.6387584528913193,33.156839926806484,-1.2910499154493806,12.78305569250529,-0.7645499458004658,12.441976283682639,2.9562988703782986,9.100417571612601,-0.41992981388175715,24.914399706240804,13.61274185589889,21.713360217449967,8.81086769375881,166.10867694978432,5.300026519931999,-0.008866758357316372,77.0698861113081
17,281.82724832629094,84.92763565998578,179.27922152757827,85.36091021290075,160.66592053798826,56.63718922709663,82.48333448032861,34.45589608981082,303.423562721108,329.0235079103771,357.96475356921854,231.68669141820848,28.29183732548305,7.651745615217446,23.26890914353303,6.8082316301664765,14.091582086579828,-1.2484831037537782,2.229665040141345,-1.84889608345771,32.13318410759765,-1.0236558192088356,11.327437845419325,-1.4556178470859655,16.496666896065722,4.054690612383083,6.891179217962164,-2.209238353650437,31.60697304321332,7.752929834608209,23.375490132213773,7.054816415572026,150.10300556186743,20.640091710265605,0.01859712425210209,94.43831855799631
18,281.43661174331265,95.12984712643863,210.81505310324883,105.22073054264175,137.61470813332173,51.14130732467258,77.68216533471963,30.623594000580727,294.78025114925856,322.3370754733306,367.20482024313577,239.560627054481,22.524502305924585,8.190227397917607,5.394204924036378,3.201349481078311,-5.767335019558466,0.5384817827001607,-17.87470421949665,-3.6068821490881655,27.522941626664345,-4.610242480933309,10.228261464934516,-1.0991763804848094,15.536433066943925,-0.9602338291217969,6.1247188001161454,-0.7664604178460189,23.251136689577727,8.207910054325653,18.670899755956853,4.822679476951712,150.45444636248595,14.334274908006979,-0.0005018861132541605,108.97159398170513
19,282.3811231235431,108.14115726070806,221.51166404601477,121.0429036451002,112.56242389255792,52.48546092372068,78.25866275241769,30.35653296845149,294.45196560774406,314.69328508535546,376.66771446247895,245.55568760442065,12.874128698242158,8.542900881936982,12.885507133349574,4.671454882849648,-9.650373607682427,0.35267348401937504,7.491302209313195,1.4701054017713373,22.512484778511585,-5.01045684815276,10.497092184744137,0.2688307198096197,15.651732550483539,0.11529948353961181,6.071306593690298,-0.05341220642584758,16.089527665744445,8.550177428856669,14.904895265477832,4.897315653990162,145.68634445383717,4.3312278163051765,0.01905382310305444,105.66167817971703
20,286.42818935240797,113.02004985915467,191.9757069132626,114.28377358529471,123.2380349823833,57.070805637653876,99.1245687910567,37.85684690983432,304.05555228537696,327.6010915653196,383.0418473277828,245.77231584122845,45.347311413830276,23.78570302361062,36.536703486746035,14.518683202115696,32.473182715588116,15.242802141673637,23.65119635339646,9.847228319266048,24.64760699647666,2.1351222179650753,11.414161127530775,0.9170689427866396,19.82491375821134,4.173181207727803,7.571369381966863,1.5000627882765656,55.77531934595151,28.250711238084076,43.52366931481437,17.543091731366843,143.29415059010256,21.561608390219657,0.026374833638881195,85.22348560490823
21,287.18322929566915,105.55227706739687,162.09795301783976,114.65003482975698,139.4986005649041,55.04127766341023,98.66543826809013,33.04727523043493,312.9465078034528,335.826517349167,386.0803850520526,243.47670063076217,30.460820821424022,6.870700744727568,20.580113580425127,3.847556034224793,-14.886490592406254,-16.91500227888305,-15.956589906320907,-10.671127167890903,27.899720112980823,3.252113116504159,11.008255532682046,-0.4059055948487316,19.733087653618025,-0.09182610459331109,6.609455046086985,-0.961914335879879,33.903822900562396,18.257158344556768,26.0413869911282,11.343572738330678,156.13571237911336,23.590120076696454,-0.026767871148404974,64.76234179609396
22,289.2156432305458,97.86506095685223,122.42029949656057,97.88187371644248,171.64520723572946,63.680246373525506,82.85312016347022,30.739394025024282,376.58475239076006,355.6530497773638,380.1780359148724,245.68553078334247,60.4384439963084,16.290714325332733,7.456591038913116,4.500350424755832,29.97762317488438,9.420013580605165,-13.123522541512012,0.6527943905310392,34.32904144714589,6.429321334165069,12.7360492747051,1.7277937420230571,16.570624032694045,-3.1624636209239823,6.147878805004856,-0.4615762410821291,67.46453441557476,18.818183469410293,15.093958851778194,4.547449225874742,155.01824657549136,44.147729670975664,-0.04717124164431117,66.72040235707519
23,290.99598414675444,84.0994101877302,96.419182772857,71.55588246652056,175.96026496193096,69.09053223724622,82.3893124293162,37.74076359285152,402.4497560373297,379.0626218849055,372.1455525948191,242.38977001298807,26.839560032126094,13.600513261638325,4.930397189882354,10.202719048905553,-33.598883964182306,-2.690201063694408,-2.5261938490307614,5.702368624149721,35.192052992386195,0.8630115452403004,13.818106447449244,1.0820571727441437,16.47786248586324,-0.09276154683080477,7.548152718570305,1.4002739135654483,43.002871838479436,13.86402332452966,5.539898177122091,11.688134321464116,162.7394017761018,13.23904677048777,-0.08038634290108242,62.63491682347873
24,301.1427931066472,66.36558969262981,94.6105051711363,43.44096477606595,196.1169593287139,84.21745492399046,78.4368288157498,54.28593744800128,424.3053201839008,421.3396709801299,366.10226634861687,245.32958717987526,33.030823065025125,23.66982356868121,8.933023519783177,21.2166287379994,6.19126303289903,10.069310307042885,4.0026263299008225,11.013909689093847,39.223391865742784,4.031338873356591,16.84349098479809,3.0253845373488453,15.68736576314996,-0.7904967227132793,10.857187489600255,3.3090347710299506,33.60605615503756,25.72258847456874,9.788765332860665,23.905052638419715,166.95491779134727,9.360999496343915,-0.08581667716332265,56.55465912386889
25,294.3591495833109,65.11812828229633,163.6370496368888,92.08511995034594,207.24553227008875,98.04239073784845,42.51182264516592,55.21680219848275,473.7644261169823,453.85460573537205,353.886214495546,270.9578134001061,56.47588435520508,37.610638837468606,0.6116973161621496,15.449547952597174,23.445061290179957,13.940815268787397,-8.321326203621027,-5.767080785402227,41.44910645401775,2.22571458827496,19.60847814756969,2.7649871627715976,8.502364529033184,-7.185001234116777,11.043360439696551,0.1861729500962955,61.1489690232206,40.11117654869971,8.343778723915797,16.490838448209814,153.6321450986512,18.865245517736476,-0.14171580566224953,74.85029085808553
26,301.90836429951725,72.5577178378538,209.10723808708772,126.31453992969934,211.45559902715047,109.75139391244107,24.348657147675212,66.65806793480652,507.8805741247148,458.6384257239763,349.14217125248507,289.3641473221906,34.67088757848574,18.579703919320202,2.416948082934415,15.288821770548568,-21.804996776719342,-19.030934918148404,1.8052507667722653,-0.1607261820486059,42.29111980543009,0.8420133514123421,21.950278782488216,2.3418006349185267,4.869731429535042,-3.6326330994981424,13.331613586961305,2.288253147264755,40.95764067805588,26.596651698821088,3.01671483016413,15.289666577044633,125.57307253513937,16.091183659165537,-0.20589134146162918,87.91963180103512
27,303.10763256875504,71.84462632741989,236.3866640626722,149.08870951227829,176.1991494961123,115.94710838325105,20.716187154178893,76.28984290961115,533.9461784099639,468.3848284587084,348.7295291503724,301.64116692716715,25.18199446527027,22.48642879614271,3.8241210454167978,14.132125399560461,-9.488893113215468,3.9067248768225085,1.4071729624823828,-1.1566963709881062,35.239829899222464,-7.051289906207627,23.18942167665021,1.2391428941619957,4.143237430835779,-0.7264939986992636,15.257968581922231,1.926354994960926,26.910442912797453,22.823277136887683,4.074805212073469,14.17938344229251,124.35252475716926,2.6955656691275607,-0.20972333538311683,90.53304349879392
28,311.5460709337025,71.72784837439359,263.37099909225486,169.5718800261812,171.2796580053115,118.46900915430646,17.78763777709353,75.51968719462496,550.9710830343786,476.5740640178965,355.7254922734377,314.2124911074635,21.920068541325286,16.12241403269373,2.001847812796988,9.432563333919356,-3.261925923944986,-6.364014763448981,-1.8222732326198097,-4.699562065641105,34.2559316010623,-0.9838982981601632,23.693801830861293,0.504380154211081,3.557527555418706,-0.5857098754170732,15.103937438924993,-0.15403114299723947,22.161443219919203,17.333000840910273,2.707041632469426,10.538459785813709,122.98961071764313,5.797654508631556,-0.21362562327016668,95.75889653781579
29,308.04357245964167,71.80442233316828,265.07211330266944,156.8607393128711,166.24421912719293,101.26061020235649,14.069614311624791,70.79216637382355,553.5815955100607,470.1093427609949,358.1383464786982,311.94430459401485,27.995384186906538,6.461424616731235,5.215000054314441,16.48910791719799,6.075315645581252,-9.660989415962494,3.2131522415174527,7.056544583278635,33.248843825438584,-1.0070877756237189,20.2521220404713,-3.441679790389995,2.8139228623249584,-0.7436046930937471,14.15843327476471,-0.9455041641602818,28.647006754038735,11.622595431874917,6.125403896370283,17.93559314215174,129.63048934910557,21.533959570175302,-0.19035280826610634,108.212486940002
30,313.4453802690549,71.71957753319519,254.284996711401,144.9701441741882,123.20280536055958,70.94822669421144,18.26448956594365,63.55161485273372,546.2050503754813,463.52678827276304,360.97610229590333,307.875434233141,13.43447058857175,7.298255329323565,4.8065725704810065,8.208996431507343,-14.560913598334787,0.83683071259233,-0.4084274838334343,-8.280111485690648,24.640561072111915,-8.608282753326668,14.189645338842288,-6.0624767016290075,3.65289791318873,0.8389750508637712,12.710322970546745,-1.4481103042179662,19.81174411336292,7.346074903888307,4.823893954561076,11.65966846132284,126.76775865938608,6.136215259248186,-0.18084798296837484,109.98215960127217
31,308.01925474022386,70.86663351764713,217.5300208252874,117.29777602969499,127.12572012065155,74.72616954422725,20.463183223179236,57.71434551090813,511.79950502002237,436.3518085707259,360.53567979169804,288.9143826421856,38.593802338577696,22.357646769336007,4.615641740170001,9.451552428722978,25.159331750005947,15.059391440012442,-0.19093083031100555,1.2425559972156357,25.42514402413031,0.7845829520183898,14.945233908845449,0.7555885700031609,4.0926366446358475,0.4397387314471171,11.542869102181626,-1.1674538683651179,46.07031097199217,26.956439668582362,4.619589078647884,9.532879350915744,133.5666770153816,16.23615556924169,-0.16921020142929208,101.21034137706727
32,309.4081579707519,63.08297494820059,176.64418662074834,77.93947911963807,149.43773208113987,85.71294123291412,23.98344557516891,54.04589338285716,471.62749780173976,404.49384915175676,359.11912720339205,266.0450389737468,47.494006425758606,33.47320048482959,7.344383397406476,10.46367327150949,8.90020408718091,11.115553715493583,2.7287416572364753,1.012120842786512,29.887546416227973,4.462402392097665,17.142588246582825,2.1973543377373757,4.796689115033782,0.7040524703979356,10.809178676571431,-0.7336904256101942,48.320743777010215,35.27053565087464,7.834921730307046,10.51250906935661,138.5373645540971,14.020805940929016,-0.17145857832609046,98.7048532115219
33,319.5144103707039,54.77386241071193,158.73907603977068,65.961403088216,194.49966853453313,108.82179516924745,24.054346628515727,56.51697622143466,406.65510566475433,365.8573020064823,357.6128005413187,247.01628001742253,66.98200499471854,39.231267969027044,2.072748866143801,11.903646172496854,19.48799856895993,5.758067484197454,-5.271634531262675,1.4399729009873639,38.89993370690662,9.01238729067865,21.76435903384949,4.621770787266663,4.810869325703146,0.01418021066936248,11.303395244286932,0.4942165677154996,69.75937988067471,39.65157913135591,5.6644874872579125,11.990425937204106,130.64061169459708,27.750737025691492,-0.20612926855084157,99.36442580370496
34,315.81484199457714,56.29780979799211,177.910617628267,80.11684076674584,226.34236269766222,121.10754759136924,37.627084831373125,44.74455108009726,365.16234607384223,351.4227315783497,365.1965047454754,244.56024179789276,59.83807835003563,18.747177038853028,18.78773825717184,4.716682775860592,-7.143926644682907,-20.484090930174016,16.714989391028038,-7.186963396636262,45.268472539532446,6.368538832625816,24.221509518273848,2.4571504844243583,7.525416966274625,2.7145476405714795,8.948910216019453,-2.35448502826748,60.26301775159964,27.76787042900005,25.146967593771187,8.596484122749802,148.93655698493882,41.090901311182606,-0.1879821386785893,104.45015844197704
35,303.9104028491867,72.93783058859098,185.8772494106797,88.91230876747949,260.74117043279,133.80401208601916,42.94290481305091,37.96549137407814,310.031468268126,330.8627794213747,375.72928875567976,238.32304686587392,47.8332783236995,19.99471982397348,10.122392552158795,1.429936725488224,-12.004800026336127,1.2475427851204515,-8.665345705013044,-3.2867460503723684,52.148234086558,6.8797615470255495,26.76080241720383,2.5392928989299826,8.588580962610182,1.063163996335558,7.593098274815628,-1.3558119412038239,49.3167085161289,20.033601369696466,13.324828222809773,3.5843295940159225,168.81481416193412,27.838558499726023,-0.08461597472288981,99.38833969288149
36,307.0487601605249,86.38010112324778,200.81486958425185,98.830360426035,240.59946093405023,122.48339222670288,49.77774784495935,36.15300496538667,283.07418515654797,315.76212335991113,389.21808029086225,240.16121144305438,18.45209283983796,11.037026910019748,11.450484772078438,7.639066020031507,-29.381185483861543,-8.957692913953732,1.3280922199196432,6.209129294543283,48.11989218681005,-4.028341899747948,24.496678445340574,-2.2641239718632518,9.95554956899187,1.3669686063816875,7.230600993077334,-0.3624972817382943,34.694866920152265,14.214648266953247,11.527247306283114,9.844217401843357,159.6974368200538,7.415065929818212,-0.0685353054001644,106.4910733829559
37,313.44052182928544,98.93510251063832,204.27023971500518,104.31858996169608,198.58387762627004,95.44796938560252,49.425255576510835,29.33678495259077,278.05694184667135,324.8280838667509,406.23617783836545,247.15509393834466,5.478423117978388,6.437777643729228,6.991891128957956,3.647453258713592,-12.973669721859572,-4.59924926629052,-4.458593643120482,-3.991612761317915,39.71677552525401,-8.403116661556044,19.089593877120503,-5.407084568220073,9.885051115302167,-0.07049845368970402,5.867356990518154,-1.3632440025591799,14.082940953916404,7.9118945141839285,8.292502567601371,5.407114545745857,156.77526401667512,0.9593545257508396,-0.06563679321197526,103.37375280051319
38,314.26294808658827,107.49925280743538,200.1252552767884,127.62045651851672,163.01618044855098,73.14523640466294,58.20742873107278,30.138728385464432,282.7268874850385,298.19605295686677,415.4575223215259,249.41262506468,31.414307816999507,16.928534988087463,10.854922020705752,12.70558960537052,25.93588469902112,10.490757344358236,3.863030891747796,9.058136346656928,32.603236089710194,-7.113539435543808,14.629047280932587,-4.460546596187916,11.641485746214556,1.7564346309123902,6.027745677092886,0.1603886865747331,40.73731521273971,19.9156040958116,11.521820157692117,15.60390468103182,157.20218415976868,14.485772828912044,-0.08397999344202096,78.82680590865331
39,329.04108186869706,122.45109288243245,204.33032502641916,142.96384016695762,121.7321010547512,60.175827984039685,60.14291584496718,30.96114944448553,267.1528754386357,293.8062008823259,443.34873331703216,257.58487851178575,18.553998956235837,5.777768618229768,20.723225371066235,5.539103834881687,-12.86030886076367,-11.150766369857696,9.868303350360483,-7.1664857704888325,24.34642021095024,-8.25681587875996,12.035165596807937,-2.593881684124652,12.028583168993435,0.38709742277887926,6.192229888897106,0.164484211804219,22.575172674029254,12.55874997127302,22.952897002224777,9.05760396530009,155.44603952345173,12.77623033800607,-0.08629081832211542,67.87157475618568
40,341.0560793077,119.80546329894808,209.4285031874843,154.7499313422973,97.09253637447677,45.65586700082801,70.87179851736008,42.31891505688813,253.939051605144,282.12226928382114,454.8200082262201,259.4173294645164,23.19371364342507,5.474758840761803,20.8512752245517,12.787702337890824,4.639714687189233,-0.303009777467965,0.12804985348546438,7.248598503009137,19.418507274895354,-4.927912936054888,9.131173400165602,-2.9039921966423354,14.174359703472016,2.145776534478581,8.463783011377625,2.27155312248052,23.653230328048675,5.483137723032379,20.851668404590104,14.699235059700378,158.79695444276985,17.71895480266327,-0.10801976410757168,57.388304239640966
41,341.7608668153042,113.04761620472541,164.8752794672837,116.70604888876073,121.211466762769,72.15951278358911,81.67894716096401,57.89223012530594,315.2919322496706,337.9162116456776,449.3067975945318,262.70067898085057,42.5710232281302,37.540672692780845,22.25763341568237,23.21238108844932,19.37730958470513,32.065913852019044,1.4063581911306713,10.424678750558495,24.2422933525538,4.823786077658447,14.431902556717821,5.30072915655222,16.335789432192804,2.1614297287207864,11.578446025061188,3.1146630136835625,46.77362660123231,49.37129669546474,22.30201983293578,25.44579656540045,159.32962836537416,5.030350535349356,-0.11700145709222122,48.39536003412823
42,327.0490458931226,105.76269233049995,110.2379584301474,91.07874850353728,164.98712274337896,81.24544149865194,97.3834787835191,54.72639916933589,337.10462694134605,347.06815751157313,426.94610723179034,249.32104812028814,49.25407909858836,15.52370635879207,22.696422751513037,0.4816223027435417,6.683055870458162,-22.016966333988776,0.43878933583066626,-22.730758785705778,32.997424548675795,8.755131196121994,16.24908829973039,1.8171857430125684,19.47669575670382,3.140906324511016,10.945279833867179,-0.6331661911940103,49.70540758929218,26.939418435927614,22.700663906516862,22.73586055148211,157.9874865606448,33.730372739796294,-0.11240986669529354,23.37851573933002
43,301.58427810529184,82.41566075458297,75.38852938222698,52.99961541898202,151.77199099187496,69.55772304752703,89.12049157759944,46.80638133022273,349.0593442389688,351.2217171614677,381.2579931292858,227.70387688440087,18.199176065495482,5.240816536962551,2.5919348147860912,4.785571766257349,-31.05490303309288,-10.28288982182952,-20.104487936726947,4.303949463513807,30.35439819837499,-2.6430263503008065,13.911544609505407,-2.337543690224983,17.824098315519887,-1.6525974411839326,9.361276266044545,-1.584003567822634,35.994680327205366,11.541402907012012,20.27087963760082,6.436278281311356,163.29346592770008,12.958359528532931,-0.10976828225030437,28.739970307829157
44,292.94001113653377,59.526217883911364,96.58808764129463,46.84319995601717,162.06815237692317,64.37571130831752,81.44753964744234,60.8029609578053,359.28866325691297,369.380857103294,350.6456212003443,225.0303797397583,28.850160341284045,0.5957568790202468,13.050273440909134,19.53568346246426,10.650984275788563,-4.645059657942304,10.458338626123043,14.750111696206911,32.413630475384636,2.0592322770096403,12.875142261663504,-1.0364023478419049,16.28950792948847,-1.5345903860314205,12.16059219156106,2.7993159255165145,30.753458630874253,4.683108527969752,16.72382981560012,24.478740233030365,164.42826601328252,28.2544034622638,-0.09201202881003892,51.73642971162392
45,294.2822501741299,61.09692388580285,125.77931505532862,80.19358486180555,173.71634871158187,85.81890040882526,63.15041186650077,79.72625826829523,395.2116911314127,410.25504110494495,343.0561740713575,244.2678543263974,34.84190997808377,26.91794794126955,2.554147443610138,31.710999648380763,5.9917496367997245,26.322191062249303,-10.496125997298996,12.175316185916504,34.74326974231637,2.3296392669317383,17.16378008176505,4.288637820101549,12.630082373300153,-3.659425556188313,15.945251653659046,3.784659462097988,35.35335563466335,37.648820216395286,10.802422418831624,33.96801175998744,139.52173739782285,7.9239620368142205,-0.1620899846811491,50.52015338317967
46,292.3689247379483,68.28265083037206,165.64940755060238,111.23927391401335,157.09849184326214,68.4581343996766,50.84845975574176,67.18222978242241,404.3152041285734,433.8992873281381,341.9330651672146,259.66968766526605,25.953166359810496,20.17990668363218,9.955681304923356,10.668352602576501,-8.888743618273274,-6.73804125763737,7.401533861313219,-21.042647045804262,31.419698368652426,-3.3235713736639427,13.691626879935319,-3.472153201829734,10.169691951148351,-2.460390422151803,13.436445956484482,-2.5088056971745636,27.433129737807768,21.275098912807106,12.405575107400969,23.592514532096736,132.1148684124018,5.773259676178316,-0.16263751788030387,56.075088568490834
47,292.84271918576036,72.32735261298109,190.67862113972032,124.62121026916925,140.18848929761475,71.72030994384822,32.088452027330405,75.55413105274869,432.1742236173446,444.7603612752489,343.40612498777244,271.5443732982853,32.34407655294095,18.78588190296369,3.9364150231016874,8.853523573069824,6.390910193130452,-1.394024780668488,-6.019266281821668,-1.8148290295066776,28.03769785952295,-3.3820005091294845,14.344061988769644,0.6524351088343238,6.417690405466081,-3.7520015456822704,15.110826210549737,1.6743802540652564,32.96942555094285,18.83753338314803,7.192143616862493,9.037614954469083,129.49071734409443,13.558194649977256,-0.17610306165084688,68.26376905220296
48,296.0797415665104,68.54390510320893,212.30286684223108,126.6423462355448,153.0937911724416,79.99957734893282,36.750268310190236,85.23498301386772,453.20113014320697,446.99171617833144,346.6032101135766,278.6235594546586,31.104477940322333,13.52008394204715,7.253751097645923,14.466423727376377,-1.2395986126186145,-5.265797960916542,3.3173360745442353,5.612900154306553,30.61875823448832,2.581060374965369,15.999915469786563,1.6558534810169196,7.350053662038047,0.9323632565719663,17.046996602773543,1.9361703922238056,31.129168839858295,14.509352086333628,7.97631641912932,15.51715384992405,133.17536347353933,17.584393998275182,-0.16370310009941083,86.78583444815457
49,288.1925486337452,73.01307314174359,223.30999229140934,126.60395845253021,143.68843975585,92.27991365183688,31.293976611588654,82.19933550810671,472.4211999879063,446.8729172617603,339.8475402056928,281.46588999639823,19.44480892469247,12.876093181924311,7.593981742307547,16.500035956703243,-11.659669015629863,-0.6439907601228381,0.34023064466162456,2.0336122293268666,28.73768795117,-1.8810702833183164,18.455982730367374,2.4560672605808125,6.258795322317731,-1.091258339720317,16.439867101621342,-0.6071295011522034,22.672637157415963,12.892187546290247,7.601599541811397,16.624883917542633,130.10609641584875,6.568715742768159,-0.1529925741658466,96.70905986887323
50,293.7200553735929,70.57666175877478,214.5078187957959,111.81175549404455,116.04268613774762,74.13204888517862,44.28298795625573,60.82379121314415,481.2223112994966,432.5390642899667,342.5851660481478,278.1375475799742,7.196156359981372,8.770083174611282,15.543158788277218,10.335455353418203,-12.248652564711097,-4.10601000731303,7.9491770459696705,-6.1645806032850405,23.208537227549524,-5.52915072362048,14.826409777035725,-3.629572953331654,8.856597591251147,2.597802268933416,12.16475824262883,-4.275108858992512,14.206130930281619,9.683680966954386,17.457926590112884,12.034271534949639,129.03684112027344,1.5739268146299095,-0.16379505174521652,102.69892936019346
51,292.73946895615217,77.29813167914801,199.84043825037008,98.75337187590553,106.44402401652526,67.13251304340434,44.94033948213059,63.39611091884558,474.4177461578773,407.0147438629964,344.9220091480231,270.71227284721033,16.35450423858814,13.180370841857908,10.61303283079821,13.240672308277935,9.158347878606769,4.410287667246626,-4.930125957479008,2.905216954859732,21.28880480330505,-1.9197324242444722,13.426502608680869,-1.3999071683548547,8.988067896426118,0.13147030517497066,12.679222183769117,0.5144639411402867,18.744202963998724,13.89866226788628,11.702247981657582,13.555651542069182,127.10119948698329,3.174133396730234,-0.17486281942106005,101.1230504324652
52,285.95603448681146,74.75265359733056,171.66338043415809,77.88302676965313,105.45140349516291,66.64401039023763,51.56398789977111,58.56980696786001,453.7272733999605,387.04788846548297,332.01089825686444,254.72016505860873,31.351456031578586,18.297379249796975,10.560063440742205,4.0272196220842575,14.996951792990444,5.117008407939068,-0.05296939005600443,-9.213452686193676,21.090280699032583,-0.19852410427247377,13.328802078047525,-0.09770053063334352,10.312797579954221,1.3247296835281035,11.713961393572003,-0.9652607901971131,34.75373876838699,18.999417424169092,10.560196287417341,10.05515829240047,122.34412274819785,13.05407678178161,-0.19721912847975662,94.78155243215838
53,279.1517801576054,70.7416810121168,134.6971832280709,60.971580577194395,122.91667797878135,82.2420826855367,51.67364913948609,49.1800059450875,413.28860435134595,356.16968709842854,318.5727196865546,233.37046230161664,48.56975242394079,29.11815623734623,7.36341233736091,5.076622704603864,17.218296392362205,10.820776987549255,-3.1966511033812948,1.0494030825196061,24.58333559575627,3.4930548967236903,16.44841653710734,3.119614459059816,10.334729827897217,0.021932247942997397,9.8360011890175,-1.8779602045545025,51.53145234881447,31.06374474007892,8.027354453787854,5.183950705253774,118.02717977589798,19.45159618659456,-0.24343365017664786,78.89887225558547
54,274.0865397571241,59.51954939895043,151.8188608375296,60.68851476275885,161.10338888578244,86.56212696301003,60.55032731754909,34.26697093986468,375.74238646005807,343.62026235443386,320.3410219001801,226.5453050672907,57.63151983169356,17.196137459397633,16.47065992037055,1.5870009514804158,9.061767407752768,-11.922018777948598,9.107247583009642,-3.4896217531234477,32.22067777715649,7.637342181400217,17.312425392602005,0.8640088554946637,12.110065463509818,1.7753356356126009,6.853394187972936,-2.9826070010445656,58.339589531150274,20.924666670326136,18.82085536713823,3.8335404001878093,137.23347392413956,40.435382372295926,-0.19352861719757503,95.39789217933271
55,268.1910982386681,62.00030248995645,183.71949370702995,83.51027532191775,205.68622398314903,99.77372995237626,52.78179506756927,29.97040472684303,333.4688899757403,316.99291757763234,330.1896719295844,225.43894989150417,51.778991457347956,21.98168616397751,7.774626538297392,6.03888914039656,-5.852528374345603,4.7855487045798775,-8.696033382073159,4.451888188916144,41.13724479662981,8.916567019473314,19.954745990475253,2.6423205978732454,10.556359013513854,-1.553706449995965,5.994080945368606,-0.8593132426043283,52.108694521285344,22.496577584501747,11.66472521717202,7.502498950123924,179.52523974289915,29.797305293370446,-0.08972595910364574,101.93529916085059
56,270.7627261962011,74.54981992076777,194.11197276171018,89.37676511698606,212.57698969895156,94.53304789041398,50.31175989503549,18.88851616178716,307.21337732075153,310.51943343404446,340.3286150033377,226.69467282197124,23.24526995439068,7.939688779895627,8.142997658264436,2.158783743222062,-28.533721502957277,-14.041997384081885,0.3683711199670441,-3.8801053971744985,42.51539793979031,1.3781531431605067,18.906609578082797,-1.0481364123924568,10.062351979007099,-0.4940070345067545,3.7777032323574318,-2.216377713011174,36.80374760891647,16.131222782423006,8.15132554524268,4.440221294393167,156.25613305611236,15.305581174495053,-0.03403034446541153,105.08765629820664
57,262.66928502596187,87.31429049428279,182.39460949984235,85.45252354664544,198.49830135439993,81.5920959060617,62.524480972083296,18.259277007112964,275.21332286516065,305.9067267801394,343.53673951478606,220.35535681811695,17.272767687026946,5.356427265444701,22.77278451779001,3.39798046741006,-5.972502267363733,-2.5832615144509257,14.629786859525575,1.2391967241879982,39.69966027087999,-2.8157376689103293,16.31841918121234,-2.5881903968704556,12.50489619441666,2.442544215409561,3.651855401422593,-0.1258478309348395,18.276194541087243,5.946810330088113,27.067145735168378,3.6168881345900865,154.49233792464238,11.916340421582245,-0.031343081427646254,98.23334466040538
58,258.13586380292065,101.52400295569115,169.13741510375405,84.1755113065439,163.0311825923456,59.68745340919587,62.25722450476924,17.333501816860807,279.86728422826985,297.37128204459594,350.892928355513,220.15775539961265,13.102633661886449,7.213513740480395,7.096155870046843,4.1508475143517085,-4.170134025140497,1.8570864750356941,-15.676628647743168,0.7528670469416485,32.60623651846912,-7.093423752410869,11.937490681839174,-4.380928499373168,12.451444900953849,-0.053451293462812896,3.466700363372161,-0.18515503805043104,13.750237331233029,7.448728123636944,17.207908469399822,4.218571307655045,151.78146470064263,5.889119921406054,-0.015643860438356926,87.64157140380188
59,248.64313726269867,100.48767669560725,150.94763956068513,79.73700928518771,126.83017666378791,47.16021079446966,60.28091625274178,22.262952623461636,287.75442395437835,301.5876666282615,340.416803553756,215.65347956293922,21.430513903135864,4.668894844671427,14.494351668343095,6.516451758081245,8.327880241249416,-2.544618895808968,7.398195798296252,2.3656042437295364,25.366035332757583,-7.240201185711541,9.432042158893932,-2.5054485229452417,12.056183250548356,-0.3952616504054909,4.452590524692328,0.9858901613201658,22.99174885616777,5.317298599430681,16.273276601702822,6.932548373675537,151.61295573983608,16.761619058464436,-0.0109081131167299,72.01509223613893
60,245.42096241715066,87.04709087905519,118.0154128008609,66.23906029904187,100.42564117889575,30.665909479853404,64.64003629824944,31.566403544688672,293.013167906171,291.9837476655474,327.9749821178404,204.2420605836668,25.374455972455795,5.487384849361255,12.13374658380506,15.342340061623599,3.943942069319931,0.8184900046898278,-2.360605084538035,8.825888303542353,20.08512823577915,-5.280907096978433,6.133181895970681,-3.2988602629232515,12.928007259649888,0.8718240091015339,6.313280708937734,1.8606901842454076,25.67912955970761,5.548091417125045,12.36124033117825,17.69982211529557,158.52045006256995,19.88707112309454,-0.03464137699355926,52.12890911358588
61,237.16183054192118,65.22670906601677,81.00781609366469,40.325046912717895,108.96857717106958,36.032911403509985,88.35692727899317,46.40535544146289,295.78647972387984,289.67559178988506,301.8178641140165,187.28590546315743,31.78820594656453,13.306690703552206,31.859888639008165,16.99773563999628,6.413749974108736,7.819305854190952,19.726142055203105,1.65539557837268,21.793715434213915,1.7085871984347691,7.206582280701997,1.0734003847313156,17.671385455798635,4.743378196148746,9.281071088292578,2.967790379354843,32.42878699599448,15.434039054032084,37.47229889494444,17.078154215491075,171.4379265764114,18.481515243012325,-0.081176225509119,40.75764631557741
62,240.13051519515798,56.12425986892025,88.3931736559448,69.99201508890933,139.3792321696228,70.49608536155947,82.59841464923882,60.123897105525664,325.88028417181437,320.7327799341757,275.4070348050813,196.66572324571482,47.68342268558019,39.819601223494175,17.01427188803566,17.11652213147283,15.895216739015659,26.51291051994197,-14.845616750972507,0.11878649147655196,27.87584643392456,6.082130999710648,14.099217072311893,6.892634791609895,16.519682929847765,-1.1517025259508702,12.024779421105134,2.7437083328125538,50.26297558036121,47.83863570208235,22.580473524635305,17.116934308098415,123.90720136937051,7.863821462086015,-0.23104335386724822,21.89995461579999
63,244.0416915289305,66.82633380281311,133.63742031932898,70.83234231174697,164.66273004972172,86.37745481265199,84.55588556549154,105.27995026490919,349.77214023548373,338.3629130945848,290.89420961981017,213.48100727324262,38.38613154198533,23.09488319157293,9.053626786299565,49.306900673735235,-9.297291143594862,-16.724718031921245,-7.960645101736093,32.19037854226241,32.932546009944346,5.056699576019774,17.275490962530398,3.176273890218507,16.911177113098308,0.39149418325054486,21.055990052981837,9.031210631876707,39.496008878966094,28.514729928226036,12.055705222897409,58.884555910219284,129.16044926745593,15.291248350412399,-0.18888227466545687,64.11132978742914
64,249.6939885183835,55.1025379728529,155.82216819732716,84.67352087824209,164.01742279819504,92.70163219568826,72.4621275341474,107.99709442734557,368.31953364175735,338.9555790193744,292.751308862099,220.75980529857662,20.785206651609215,10.993072227707698,2.4005936369989427,9.233595920517635,-17.600924890376113,-12.101810963865232,-6.653033149300622,-40.0733047532176,32.80348455963901,-0.12906145030533125,18.54032643913765,1.264835476607254,14.49242550682948,-2.41875160626883,21.599418885469113,0.5434288324872796,27.236324505093584,16.34935673379008,7.072884835460901,41.12333944936442,137.59837335296604,9.792134423901517,-0.1709202605941896,72.44334078995811
65,243.00652614403694,62.805885800998716,154.00148349539822,91.9097067774945,161.29323524712666,109.96133415128956,63.39925533396662,111.77450430151862,387.32185896557723,347.04953034848285,284.07972010233607,224.31067309061777,22.650268421387395,22.747086804962564,3.070874383624283,19.11974993579665,1.8650617697781797,11.754014577254866,0.6702807466253402,9.886154015279017,32.258647049425335,-0.5448375102136815,21.99226683025791,3.4519403911202615,12.679851066793324,-1.8125744400361548,22.354900860303722,0.7554819748346123,22.726924890226286,25.604429632288664,3.1431744716602106,21.5244251681947,125.45132096407171,0.09681838357516881,-0.2067123974173368,62.22552281264007
66,246.28548735294538,59.27701532879329,159.5736149651665,93.36220607211733,143.21145227206355,106.08408485218963,41.766144068109796,102.18487083948939,398.09379919732936,353.7228348593737,296.71138042539894,229.5751911715892,13.706422971501409,9.429441404452277,10.226777373151343,7.4081021779670495,-8.943845449885986,-13.317645400510287,7.1559029895270605,-11.711647757829603,28.64229045441271,-3.6163565950126255,21.216816970437925,-0.7754498598199856,8.353228813621959,-4.326622253171363,20.43697416789788,-1.9179266924058442,16.36638023831622,16.31790563196551,12.481743589560018,13.857946135076268,144.82802170542988,4.276981567049132,-0.16377132191671187,66.72671186359855
67,247.61065153454874,60.180196411557965,124.10446624335965,66.30150519899227,104.27557121366065,71.92419381704428,41.6051945049927,95.22533855172526,410.00168513597595,350.5720083978006,290.7091225166575,221.35423363412752,8.747541627177307,5.6597101883488135,16.85332232491857,10.15698984370869,-4.9588813443241015,-3.7697312161034633,6.626544951767226,2.7488876657416403,20.85511424273213,-7.7871762116805785,14.384838763408856,-6.831978207029072,8.321038900998541,-0.03218991262341735,19.04506771034505,-1.3919064575528266,10.055346274807519,6.800234764900713,18.109267555188154,10.522396404054925,131.06854397899906,3.087831438828494,-0.21132630606210145,60.22524829354877
68,240.06119265295197,76.0560755191885,137.6241386828158,67.49219486224462,88.93060912388847,52.07558127378452,35.33691490775236,52.03418573189146,401.5723224058218,351.9760707401661,299.3414204261576,224.87477361276373,23.041169452213158,3.2462706483131663,2.7853471890592245,6.115747853901441,14.29362782503585,-2.413439540035647,-14.067975135859344,-4.041241989807249,17.786121824777695,-3.0689924179544357,10.415116254756905,-3.9697225086519525,7.067382981550471,-1.2536559194480676,10.406837146378292,-8.638230563966758,27.114632325116265,4.0451160101419905,14.341062840206678,7.3303484659790445,135.8281724869933,19.79489880389999,-0.17291305669062368,70.34018594007634
69,259.9179804720075,64.08527384547877,137.95398412126406,50.262020760586125,114.76366486164335,48.863113194245564,51.98210738210098,46.99902426483386,386.19839804970405,340.4304607766086,317.20927943257414,222.29391392260328,46.61826238936407,7.780604148168745,19.045786111347557,4.198434453460029,23.577092937150912,4.534333499855579,16.260438922288333,-1.9173134004414116,22.95273297232867,5.166611147550969,9.772622638849112,-0.6424936159077905,10.396421476420196,3.3290384948697236,9.39980485296677,-1.0070322934115208,52.24118776952385,9.00544175476213,25.042840145332335,4.6155110806401956,150.36951892454462,38.83765824119533,-0.13703098496284502,88.17900411755397
70,268.31353140926547,75.07920716018386,139.36755693923104,59.150512480297266,122.73647823765182,38.72940543675483,64.98008237718446,42.559074871364146,370.33563425201197,346.2914123387116,319.13504461087774,225.38184274151126,30.62308179739589,12.61337904747183,16.068849378707778,14.679800542326937,-15.995180591968179,4.832774899303084,-2.9769367326397784,10.481366088866908,24.547295647530365,1.5945626752016977,7.745881087350966,-2.026741551498147,12.996016475436893,2.5995949990166998,8.511814974272829,-0.8879898786939424,34.548790730497,13.507518063009774,16.342278686454264,18.03761566979825,126.94889633285993,18.00970274992406,-0.23283378386288076,80.94647156167832
71,275.8850058839481,66.45786205392567,180.96853241635162,78.3278472852567,164.8650656248457,46.38286475939218,70.29797884662312,51.528968394400856,329.22598811855977,344.1097179221506,332.7738771903716,229.67840441008056,55.83501035869526,17.082900727089626,15.54467384258999,16.377995701003762,25.211928561299366,4.469521679617797,-0.524175536117788,1.6981951586768247,32.97301312496914,8.425717477438768,9.276572951878435,1.5306918645274699,14.059595769324625,1.0635792938877304,10.305793678880171,1.793978704607343,61.2632820173362,17.65791950644732,15.553509085256799,16.4658012249344,145.46969725421627,38.752109631605634,-0.17736375672972393,103.43184936377003
72,279.1935910256,73.36395868103416,192.27508735804162,85.24429964437508,174.2736157801005,52.50041295234758,56.61385505169602,51.801993460561576,315.5148398906658,323.90903283829556,352.4000559298089,231.70012362397443,18.156091782432117,11.777258381304211,3.1691985299914758,10.430014909869406,-37.67891857626314,-5.305642345785415,-12.375475312598514,-5.947980791134356,34.8547231560201,1.8817100310509602,10.500082590469516,1.2235096385910793,11.322771010339205,-2.736824758985418,10.360398692112316,0.05460501323214384,41.82516675267137,12.917184510619629,12.774827143066767,12.006818334254975,175.78070524139636,6.378833401127906,-0.10780836824715821,108.7917877889343
73,294.36873209683733,83.1426170433286,196.90925963975414,87.60110890601847,160.5346745211752,64.1908750999607,83.88558771165074,53.93140652364052,294.6751688821311,340.80581859453576,375.70050780648404,239.02903042415565,9.302228193287853,14.936732795926302,30.05707984901394,8.245160916980385,-8.853863589144265,3.1594744146220908,26.887881319022465,-2.184853992889021,32.10693490423504,-2.747788251785063,12.838175019992141,2.3380924295226273,16.77711754233015,5.454346531990945,10.786281304728103,0.4258826126157894,12.842209693630375,15.267228471256725,40.32847890605146,8.529728337827878,166.4425701584262,5.634504602638449,-0.07054142714561078,109.51778031231
74,296.122140424323,89.48060173466423,190.14584179258955,83.68103461316673,124.05112353421421,62.52125348775951,73.46466316325014,55.64228371564313,301.8283032220182,350.7352751192593,381.5371151615817,241.93290172394322,10.134711402403095,6.110982535967539,8.624861562946952,5.909311645462638,0.8324832091152423,-8.825750259958763,-21.43221828606699,-2.3358492715177475,24.810224706842842,-7.296710197392199,12.504250697551901,-0.3339243224402413,14.692932632650027,-2.084184909680121,11.128456743128627,0.3421754384005222,10.168844747731088,10.734895211694543,23.10255868170502,6.354223472813207,160.2449958414539,4.023728866435556,-0.059281978348085594,106.55130469652863
75,294.5739998480008,90.91800808506586,163.90761220295903,75.9176539327948,122.70344929525372,63.956109482811726,80.12091508461361,59.60078156670505,302.7408934507139,349.21037367050326,375.3439874796373,236.08750409566784,29.275407558435393,14.04823504252405,22.725101300071252,18.638298393388858,19.1406961560323,7.937252506556511,14.1002397371243,12.728986747926221,24.540689859050744,-0.2695348477921016,12.791221896562345,0.28697119901044416,16.024183016922724,1.3312503842726944,11.92015631334101,0.7916995702123849,34.97736034994702,16.135454290562702,26.744101961794854,22.57018543632026,148.85437602659584,15.227172515911343,-0.03825544161881382,88.18114388960946
76,287.65246444799914,92.78386442201783,152.104836782438,74.3149852987276,83.86472990451972,54.64434836723343,74.72075352009793,54.29778306626526,283.922848427396,330.5888742336916,370.85392896342836,227.46025751081407,16.996290967961265,7.771139611511322,10.144512278074307,11.074997200563974,-12.279116590474128,-6.277095431012728,-12.580589021996945,-7.563301192824884,16.772945980903945,-7.7677438781468,10.928869673446686,-1.8623522231156606,14.944150704019586,-1.0800323129031368,10.859556613253051,-1.0605997000879568,20.96784707379512,9.989621509929252,16.161137011373622,13.411155353879328,149.89768982006552,9.225151356449942,-0.04176563544383396,78.23300335892264
77,273.7016561786591,81.0110705480361,109.78464282726476,54.67173346590906,111.24491508828353,69.8572431312376,101.63950413378353,49.882285192002286,299.4619320732319,361.0313689815044,347.78160331974135,218.20628677062095,45.536276966195935,26.990153145308383,30.08794914367708,6.01451703560643,28.53998599823467,19.21901353379706,19.94343686560277,-5.060480164957544,22.248983017656705,5.476037036752762,13.971448626247518,3.0425789528008345,20.327900826756707,5.38375012273712,9.976457038400458,-0.8830995748525945,53.74089058362856,33.13365129320152,36.09744253662276,7.860208309677848,152.89863368200622,18.54612382088755,-0.045244917643137574,59.911290762894545
78,265.2089591815837,66.21908405862614,91.11944034332302,49.095244681118544,128.39657156260913,65.91779312814701,75.26661505420597,45.77162644810149,328.24281370540933,363.43504071021226,328.3561022277681,213.09666927257732,26.45388466761344,10.997282792835719,3.68419076943637,4.134502173079593,-19.082392298582494,-15.992870352472664,-26.40375837424071,-1.8800148625268376,25.679314312521825,3.430331294865116,13.183558625629402,-0.7878900006181165,15.053323010841194,-5.2745778159155154,9.1543252896203,-0.8221317487801578,32.61818066423071,19.409073417775502,26.659552095091293,4.541867908968917,160.44061518301092,15.456601874777721,-0.05124978608841845,48.5249047343991
79,253.86796941161435,56.37770332900769,93.4863115951078,63.95565722653152,138.20879132222944,63.36371843186269,69.42301829528252,46.38895622481002,346.318725560996,367.68948372973637,310.0375849929482,213.10477654942028,19.9469311620234,3.5569078396832094,2.7812648040235044,6.526641422171174,-6.50695350559004,-7.44037495315251,-0.9029259654128654,2.3921392490915814,27.64175826444589,1.9624439519240595,12.672743686372538,-0.5108149392568659,13.884603659056504,-1.16871935178469,9.277791244962005,0.12346595534170798,20.981432427420458,8.246864423737005,2.9241595731280907,6.951214170247167,174.55689643716929,16.39002332234019,-0.07025761086513259,36.773244604467514
80,253.10601129375723,64.22512816423576,116.75327800388135,82.48357607018019,134.34895195806436,67.44832408127654,54.5777830468965,52.55365503215474,376.66371881532433,382.51458038159285,305.3534439421539,225.87139095301794,25.415568194270325,18.1328406919379,7.87986605168524,24.802997200733564,5.468637032246924,14.575932852254692,5.098601247661735,18.27635577856239,26.869790391612874,-0.7719678728330152,13.489664816255308,0.8169211298827701,10.9155566093793,-2.9690470496772035,10.510731006430948,1.232939761468942,25.997251732213307,23.2649463801797,9.385522024648354,30.809314349465616,140.40729873052507,7.282727502332424,-0.14906570043016418,35.24015921604214
81,244.7913760875831,67.25855993715585,134.84696134480455,88.66663623705882,130.75436386966282,75.30009989373465,49.476092918531684,51.27991522672122,377.8438338379972,363.09631055863525,296.3612840331586,224.6949945766276,13.401702879559734,15.622915423969438,5.042822149709489,9.801257395130454,-12.013865314710591,-2.5099252679684625,-2.8370439019757505,-15.00173980560311,26.150872773932566,-0.7189176176803077,15.060019978746931,1.570355162491623,9.895218583706336,-1.0203380256729642,10.255983045344244,-0.2547479610867033,17.998294360077733,15.82324907202338,5.7860930977075045,17.91973336075669,135.24517302249978,2.2212125444097044,-0.16639631307064584,50.06913310743157
82,236.1740968662399,71.513837925059,143.4205501716769,87.71653140795983,93.78819980601953,52.56067947666266,28.72829939739101,54.57864290762481,382.219285458856,365.8941342084642,290.42287713619,225.33733045349226,8.570112902552637,4.250732728236395,9.340155622536406,9.313244716510019,-4.831589977007097,-11.372182695733043,4.297333472826916,-0.48801267862043574,18.757639961203907,-7.393232812728661,10.512135895332532,-4.547884083414398,5.745659879478202,-4.149558704228135,10.915728581524963,0.6597455361807183,9.838246635880534,12.140645287299604,10.281321998161378,9.326021848789336,133.97135585655045,4.319380174316242,-0.19082277727732777,56.73209258656774
83,229.96836384362277,69.15507399314384,141.75770477598067,86.43367210217377,70.7558221390419,48.16068893766111,31.046293171402155,58.9800136434632,384.0386106081555,364.05043773536124,286.4742350125059,223.1254425815634,3.421507000635799,6.5972922538341665,6.002184543447514,8.53587290891799,-5.148605901916838,2.3465595255977716,-3.3379710790888915,-0.7773718075920293,14.151164427808379,-4.606475533395529,9.632137787532221,-0.8799981078003105,6.209258634280431,0.46359875480222834,11.79600272869264,0.88027414716768,6.181816309843951,7.0021858508378605,6.8679160025756065,8.571197888535707,140.09557606863046,3.1757852531983675,-0.1764097388995342,55.326647633577096
84,224.8886656047681,70.20451269516224,139.19745519776293,66.74631084285636,76.51451293239046,49.50975493020532,40.09223975668765,65.65028632999565,374.73486608164905,347.80233996263576,273.44699628337486,213.86016380974417,25.705621955371967,4.905973832227419,11.827211389308998,13.196914108703623,22.284114954736168,-1.6913184216067476,5.825026845861483,4.661041199785634,15.302902586478092,1.1517381586697126,9.901950986041063,0.269813198508842,8.01844795133753,1.809189317057098,13.130057265999131,1.3340545373064905,34.0200055765486,5.189329171074671,13.183848717366542,13.995851065890914,127.60798755930162,20.79964812314455,-0.19974715664236703,72.45968339186975
85,213.01161257489244,75.3867436292045,128.06492056773735,48.582189600211464,60.66217571148889,42.27294356504514,39.45345069319273,48.644323562230724,372.97828790093473,333.6893529947427,273.9585082803855,206.5245165068727,9.563230973368753,10.896029326777718,7.241076988190324,7.797034432968637,-16.142390982003214,5.990055494550299,-4.586134401118674,-5.3998796757349865,12.132435142297778,-3.170467444180315,8.454588713009027,-1.4473622730320366,7.890690138638545,-0.12775781269898373,9.728864712446144,-3.4011925535529848,18.76252044011833,12.43399452781737,8.571220723678955,9.484326357802875,138.34493452842685,1.3327983534089647,-0.14787290328847416,79.66343808856102
86,217.8196097288841,70.90870194872068,128.01056441555158,50.72578772267712,70.36628211227246,31.740955190209245,38.83294921010162,49.40268732555107,354.62627658906575,319.62782129663805,271.3312337678411,201.86428506705403,23.105809280343298,5.090927049133547,4.422320666618371,10.559621158450806,13.542578306974544,-5.805102277644171,-2.8187563215719527,2.762586725482169,14.073256422454492,1.9408212801567122,6.348191038041849,-2.106397674967178,7.766589842020323,-0.12410029661822417,9.880537465110214,0.1516727526640711,26.78208075747917,7.721188423650154,5.244264226638642,10.91501188390614,133.20288358077468,18.01488223120975,-0.16222841133602336,77.28597406546928
87,214.980014676275,68.02021557340215,104.92115686143997,46.35635622193998,88.84466913000382,42.89060005163278,44.63311302108111,47.76931817853435,348.9818708345486,298.905554319207,274.64052011614405,193.82938408613663,27.048499920284005,15.400377589659934,15.140319433515902,7.679875569493292,3.9426906399407073,10.309450540526388,10.71799876689753,-2.8797455889575145,17.768933826000765,3.6956774035462727,8.578120010326556,2.229928972284708,8.926622604216222,1.1600327621958986,9.55386363570687,-0.32667382940334466,27.334340259458976,18.532576732652686,18.550061189012727,8.202037760216676,147.2038695877032,11.648122330624071,-0.14085372392843107,62.69716116278711
88,217.75731465739304,73.15884702848317,109.24125804648398,53.96834908516286,122.62156267473556,42.46123352895014,40.99449563151348,54.095048691589334,310.41611473340697,277.9130701848738,266.08527559111593,186.93431847527424,37.198400545367534,6.167925731151522,2.3635671538798833,14.861603421972978,10.149900625083529,-9.232451858508412,-12.77675227963602,7.181727852479686,24.52431253494711,6.755378708946347,8.492246705790027,-0.08587330453652839,8.198899126302695,-0.727723477913527,10.819009738317867,1.2651461026109985,38.55828686330178,11.1032191343176,12.993531025325028,16.50589201524963,124.46556612990791,31.030474814216014,-0.24315915210364314,59.120260699899696
89,224.5463586265333,70.10603872477749,145.4332652507826,72.12302831154283,133.85046164721635,51.94168432824252,56.823080084855604,65.14116983179996,302.07407723897086,284.0616007804836,279.13994413148924,196.78347329494,36.93452092785276,14.386424631519805,27.655795842651123,24.24303524891425,-0.2638796175147746,8.218498900368283,25.29222868877124,9.381431826941272,26.77009232944327,2.2457797944961575,10.388336865648505,1.8960901598584776,11.364616016971121,3.165716890668424,13.028233966359991,2.209224228042126,36.93546356311957,16.56843196726095,37.477191406714326,25.994922988992396,135.83104840236652,22.548096296332954,-0.21356001265056895,78.58401678261862
90,215.30011684539326,80.56924284925421,170.44500254110395,76.96988093143975,150.64704138793476,49.85955194997172,56.6696911514403,60.51645992157484,286.0606034487999,279.5779731737169,295.1735956893267,200.58520221129066,26.35981071408717,8.813896948506908,7.087688054775017,3.172324522743518,-10.574710213765588,-5.572527683012897,-20.568107787876105,-21.07071072617073,30.129408277586954,3.3593159481436827,9.971910389994344,-0.41642647565416163,11.333938230288059,-0.030677786683062182,12.103291984314968,-0.9249419820450229,28.401832986404646,10.427743964868167,21.75505412393842,21.30817902551896,171.16948000075232,17.545913765580263,-0.020925550558055565,96.1051490427277
91,229.0730907951497,97.34017672908753,188.99296319609368,85.30366300810306,142.59966218887485,48.65181324033445,69.59501367719827,55.08246849149896,265.7208579661764,274.78189531923965,319.7831768266975,208.71368912007821,15.058430081283372,3.883188339496283,17.347643192376346,5.125629728374915,-11.301380632803799,-4.930708609010625,10.259955137601327,1.953305205631397,28.51993243777497,-1.6094758398119857,9.73036264806689,-0.24154774192745238,13.919002735439653,2.585064505151594,11.016493698299792,-1.0867982860151773,18.82757341561606,6.2762280923315235,20.15458766027212,5.485205678800697,154.67955419791545,11.17524174178709,0.017414143093018107,107.21585655750741
92,240.11033943450082,103.82878938727545,196.9615563701597,92.08668425115111,118.72731332318507,38.01717728550953,63.76170560641856,54.152839201964575,261.68210538144257,279.50733855688384,334.52012609231747,215.52813421053298,3.1761510545942335,4.7657416348350115,9.30701136273619,6.750246279958909,-11.882279026689138,0.8825532953387283,-8.040631829640155,1.624616551583994,23.745462664637014,-4.774469773137954,7.603435457101907,-2.1269271909649845,12.752341121283711,-1.166661614155943,10.830567840392915,-0.18592585790687552,12.299450816589196,4.846771466565464,12.299277244046618,6.94299674346602,150.6725627445656,1.589590580240778,0.03156189770503159,110.14083384153035
93,256.6109033159379,112.55684755093128,189.74073840344772,94.84948196941617,104.17593079599385,48.89981774862265,72.94557721910935,51.72533416258864,282.6122392465198,304.41462323881,357.8894126749351,228.3820351999997,22.647018018176322,17.05056619426464,11.54743876657068,12.434098382597043,19.47086696358209,12.284824559429628,2.24042740383449,5.6838521026381335,20.83518615919877,-2.910276505438243,9.779963549724531,2.176528092622624,14.589115443821871,1.8367743225381588,10.345066832517727,-0.4855010078751862,29.866403958781437,21.015202164170717,11.76277420592404,13.671612096339127,149.09829135614672,5.596451823911682,0.013634798424261125,100.78909744920324
94,271.91961446039994,119.08060350093794,169.1002934200577,98.1131288625208,106.969359688936,46.95287978346491,69.04510543507928,28.565665716562584,301.10133893354185,315.36436367710536,377.34281680297573,236.00316566536276,39.7279498207949,12.439486666362065,23.75532405862105,1.083366802888201,17.080931802618576,-4.611079527902575,12.207885292050369,-11.350731579708842,21.3938719377872,0.5586857785884277,9.390575956692981,-0.38938759303154774,13.809021087015855,-0.7800943568060152,5.7131331433125165,-4.6319336892052085,43.24428549773142,13.266607815686791,26.708573238455845,11.40231516071187,146.92573747196187,27.288463154432833,0.007754805099490813,82.0944640245565
95,281.6466679956702,107.79380574165518,147.72498809091036,93.32505527377737,111.25516279196134,50.65076010014302,71.3268724258233,32.56009957540273,324.5657918189314,332.2516720397356,377.24892112158216,237.79384315460888,30.645613817112512,12.511777265185017,9.369455045519022,7.166758381583668,-9.082336003682386,0.07229059882295275,-14.385869013102027,6.083391578695467,22.251032558392268,0.8571606206050681,10.130152020028603,0.7395760633356222,14.26537448516466,0.4563533981488,6.512019915080546,0.798886771768031,31.963142422349254,12.511986103903682,17.167991003962314,9.400536091082396,147.78573897461592,18.133836551927494,-0.014611426809683121,66.67951765459912
96,292.5128908689489,87.89156071324254,124.98968196423417,74.54858428329872,119.04401963358413,62.48636842459341,61.51096026008353,37.552937150058455,329.7642280026825,355.54164621052206,373.5169708040854,234.10936612100204,22.847286922906175,15.718796663946675,7.531731026636587,10.118467303030634,-7.798326894206337,3.2070193987616573,-1.8377240188824349,2.951708921446966,23.808803926716827,1.5577713683245604,12.497273684918682,2.3671216648900786,12.302192052016705,-1.9631824331479517,7.510587430011691,0.9985675149311447,24.141508281101686,16.042616432070385,7.752689973627065,10.540207119380987,154.02866782729774,7.1284902589595,-0.035917002569172594,56.002184337453336
97,293.79733255074404,79.46272898837532,99.65149977274612,51.23779241597457,140.02162320430642,70.57134600095435,68.628609057305,44.97300703993141,365.11187566031055,376.9734250500557,369.3088992018909,233.64907909144247,24.153754625316527,12.850719211195953,16.424660159957646,14.170316169831864,1.3064677024103517,-2.868077452750722,8.89292913332106,4.05184886680123,28.004324640861284,4.195520714144459,14.11426920019087,1.6169955152721887,13.725721811461,1.4235297594442913,8.994601407986282,1.4840139779745918,24.189061998296687,13.166884693046333,18.6776243120042,14.738227152286559,159.58033383299545,11.303035414120574,-0.03522613462094818,50.908679668776614
98,294.34853248598,63.66891699406861,104.26860451292379,58.58350653522637,136.60294970156107,57.308617436182395,61.723091727219405,46.44168220625258,381.12712963864504,390.03169040050176,357.869583707098,235.69970918206334,19.22834451543095,3.7878376294926834,4.641921436485101,13.90277354891821,-4.925410109885576,-9.06288158170327,-11.782738723472544,-0.26754262091365355,27.320589940312214,-0.6837347005490741,11.46172348723648,-2.652545712954391,12.34461834544388,-1.3811034660171155,9.288336441250516,0.29373503326423445,19.849153572751323,9.822603344906945,12.664137019478243,13.905347583088501,175.69288662038772,15.440506885938268,-0.06377658521177985,46.53082951618634
99,295.643007837389,62.25315360415484,130.44171390034552,78.7711546729518,117.63816447440402,54.15860454713402,48.19769248296525,73.39788271194644,405.94098946463833,414.0137251722581,353.3017663753975,248.6236444324479,20.763164593637864,9.289473777313683,10.229924814366898,28.039567308582065,1.5348200782069128,5.501636147820999,5.588003377881797,14.136793759663854,23.527632894880803,-3.7929570454314065,10.831720909426803,-0.6300025778096761,9.639538496593051,-2.70507984885083,14.679576542389288,5.3912401011387745,20.819814519225766,10.796403260457124,11.656635168813425,31.40169219414417,155.6760666329889,11.473690816324181,-0.08538737382916389,53.41989647886354
100,296.0234957815511,65.99222835549355,135.2040811722135,84.79272244901442,94.51189211465996,45.99563150174323,41.76291999363525,70.61670065218186,415.42026547547306,411.8800896088103,352.31471927960894,251.6610860174521,7.519341457368443,4.348804219794235,2.9346825561890104,4.385576321819077,-13.24382313626942,-4.940669557519448,-7.295242258177888,-23.653990986762988,18.902378422931992,-4.625254471948813,9.199126300348647,-1.6325946090781565,8.35258399872705,-1.2869544978660021,14.123340130436372,-0.5562364119529178,15.229555056444852,6.581968840605337,7.8633912093386575,24.057110576217685,145.3494856622354,3.1705372375742087,-0.11198127083838635,55.70767529479309
101,292.6917277379137,71.74867789835925,149.6218123329152,83.33471043961268,85.86815760078518,39.09255998171978,43.17641676342735,70.63523420936625,421.3130775202446,416.36115400369863,356.4702841068698,255.93449200565914,14.203552409031396,8.815725143923224,8.945227796428693,10.13700086021503,6.684210951662952,4.466920924128989,6.010545240239683,5.751424538395954,17.173631520157038,-1.7287469027749558,7.818511996343956,-1.3806143040046899,8.63528335268547,0.2826993539584214,14.127046841873248,0.0037067114368801056,15.697757071710356,9.882833215005782,10.777001179129956,11.654941898648117,149.6775867717629,5.387827265108172,-0.10379715126242414,68.40824516273754
102,293.99715795378023,68.03820290046762,154.40155089363094,82.31517524765167,76.21671415605292,31.68780591580337,32.28132713652205,60.71245203468967,415.263782205199,407.8013444296868,350.72380927632105,253.22014612953393,14.502311180584265,5.445965145279545,5.529570533052353,4.247533995155287,0.298758771552869,-3.369759998643679,-3.41565726337634,-5.8894668650597435,15.243342831210583,-1.9302886889464523,6.337561183160674,-1.4809508131832811,6.456265427304411,-2.1790179253810584,12.142490406937934,-1.9845564349353146,14.505388184467147,6.404203214456792,6.499451116891059,7.26136109793725,142.98427522125183,9.05634603530472,-0.11036339414728528,73.54619310610781
103,287.07418572703904,71.61458721849965,146.76006622519128,67.11833487977854,61.30217263530083,38.31881083717022,31.97673885828057,61.27854959673242,406.6381892743421,391.92316979088696,340.5563778366947,244.5264158503475,4.313802994678854,10.418842550859527,4.337333158243619,14.468871110960961,-10.18850818590541,4.972877405579982,-1.1922373748087338,10.221337115805675,12.260434527060166,-2.982908304150419,7.663762167434044,1.326200984273369,6.395347771656114,-0.06091765564829643,12.255709919346483,0.11321951240855092,11.064112948228694,11.544773267177183,4.498209519741204,17.71507729761706,133.76001506353705,6.105039556180673,-0.14411819362119033,81.09308506088307
104,284.0907105789714,70.23621927084696,133.5776635479525,53.987449410873246,56.921366492753016,44.26138522050778,25.492955613969492,47.784255813735896,388.05794800505095,367.0617635981309,331.2475362249935,232.6084700909742,16.382358451090056,15.232048160651251,3.7461415700558187,14.545273525585538,12.068555456411202,4.813205609791725,-0.5911915881878005,0.07640241462457631,11.384273298550603,-0.8761612285095612,8.852277044101557,1.188514876667514,5.0985911227938985,-1.2967566488622158,9.55685116274718,-2.6988587565993045,20.34776890040956,15.974424540825554,3.7925036792130196,14.545474184881702,127.12178819175918,1.1503102904388047,-0.17561350240651497,86.82880059188658
105,291.88913703469615,73.30094407894347,137.49718520368526,63.48192677636455,69.88879353241452,46.70951469523345,26.70712576508403,47.455800030241974,370.6507680879063,357.51271664710913,330.2045601013977,232.07674827572893,20.486768497029956,6.796933694519906,4.148852707303547,4.057120538325154,4.1044100459399,-8.435114466131346,0.40271113724772833,-10.488152987260385,13.977758706482906,2.593485407932303,9.34190293904669,0.48962589494513437,5.3414251530168055,0.24283403022290742,9.491160006048394,-0.06569115669878407,20.893871476490695,10.832795747379265,4.168351598289584,11.245513778688759,115.56015436609837,13.68983480251005,-0.22778713285153585,84.23346315290262
106,282.1536770589242,71.60620850351174,132.89727842213924,59.588844299399646,75.80314800309853,45.81210893143132,33.63172933795478,47.0373226648795,367.2340754100169,343.2815355662062,324.554444030079,225.90229475575384,20.1179068797154,7.918319380121091,15.869831369299442,9.71852349485256,-0.3688616173145576,1.1213856856011857,11.720978661995895,5.661402956527406,15.160629600619705,1.182870894136801,9.162421786286263,-0.17948115276042617,6.726345867590956,1.3849207145741498,9.407464532975899,-0.08369547307249352,20.121288132563187,7.997330033296894,19.72898599738374,11.24727444122257,120.64636860138413,12.199587499594308,-0.20338196322427324,80.45304951145425
107,278.98791149476347,66.04313020066199,133.08574517200893,71.76184054342528,92.85519792431606,47.38395482753062,42.754866829458834,49.03721557065708,353.52441572846647,334.83833619369597,318.852045432253,222.4419178236107,31.55436110180178,7.01781104137885,14.65270802455641,6.247426900932867,11.436454222086383,-0.9005083387422417,-1.2171233447430314,-3.471096593919693,18.57103958486321,3.410409984243503,9.476790965506124,0.3143691792198613,8.550973365891767,1.8246274983008117,9.807443114131416,0.39997858115551654,33.56292880123513,7.0753506683869185,14.703171143981773,7.14694721169959,121.8953778258146,24.536550060422933,-0.22874559233616978,70.589340491089
108,269.6512754799755,57.20545405823645,146.9944175997773,77.45600420514606,112.16619266288778,41.82041138692166,42.19891982839356,40.586545359973655,333.71132952766413,324.905822102645,325.82164496973405,219.39227827759692,23.62479773325058,4.855299110250564,3.7813861571783383,6.01820090027754,-7.9295633685512,-2.162511931128286,-10.871321867378072,-0.22922600065532706,22.433238532577555,3.862198947714346,8.364082277384332,-1.1127086881217922,8.43978396567871,-0.11118940021305619,8.11730907199473,-1.690134042136684,24.920053032705827,5.315109340575423,11.510192023325788,6.022564788815296,167.98743030596975,18.76949862300002,-0.12754596154549613,74.66922325554553
109,274.97527373518227,68.29569502152015,168.32113598747037,88.1926403877472,120.48202497951387,38.79297782649442,44.751435512070486,38.47432449226746,315.0855664362003,326.3130631515894,343.17793499602635,226.33732995939087,24.69819076771616,12.204614600224012,6.298657253732745,12.433052657879344,1.0733930344655782,7.349315489973448,2.517271096554407,6.414851757601804,24.096404995902773,1.6631664633252208,7.758595565298885,-0.6054867120854477,8.950287102414098,0.5105031367353855,7.694864898453493,-0.4224441735412384,24.721504804621805,14.246580491864172,6.78304776435699,13.99039389958723,176.65831815975065,12.493576167492147,-0.08601980777214528,85.66866325617549
110,286.0038996393231,79.8442054078598,192.97318751845322,99.65756937365562,119.22936290258052,39.594703540218795,50.06048527028216,38.903559372051745,287.3548682978341,324.9673955717898,362.25286637107854,233.29342745428488,19.2341064200966,7.598659408244277,9.457902465515218,4.486355418109435,-5.464084347619558,-4.605955191979735,3.1592452117824728,-7.946697239769909,23.845872580516104,-0.2505324153866709,7.918940708043759,0.16034514274487446,10.012097054056431,1.0618099516423345,7.780711874410349,0.08584697595685675,19.99517610668889,8.885631549474935,9.971597131621861,9.125644194146876,160.50734052177194,11.635447011852325,-0.041150537052562254,98.54129192808522
111,288.2636756271938,92.64034332929681,199.5173267044134,97.92511951618957,106.7165296980638,32.97202081923476,44.47549600507453,29.930390559548503,274.8278143270759,326.1705975767694,372.32318283487257,235.95257998797302,7.605073675198675,1.2956366591370532,10.284842104091826,0.7453546823493188,-11.629032744897927,-6.303022749107224,0.8269396385766079,-3.741000735760116,21.34330593961276,-2.502566640903345,6.594404163846951,-1.3245365441968073,8.895099201014906,-1.116997853041523,5.9860781119097,-1.7946337625006479,13.895018826439498,6.4348092534482335,10.318033062165927,3.8145301293157696,151.5202889241818,6.309437016061621,-0.012291874938203145,105.93082812414715
112,295.77117949597266,96.66702047358243,202.10280872603226,105.94508964085354,79.2513284243441,31.033500558909928,33.93372970743424,26.781196053030204,277.54697952673376,324.2482045320221,382.2141916107601,240.64221057227954,4.089159828082082,5.079290781054018,4.110941726916113,3.098232394414568,-3.515913847116593,3.783654121916965,-6.1739003771757135,2.3528777120652493,15.85026568486882,-5.49304025474394,6.206700111781986,-0.3877040520649661,6.786745941486847,-2.1083532595280596,5.356239210606041,-0.6298389013036593,5.3928543722176,6.333658765105646,7.417336971541097,3.890382692966494,149.4849146320412,0.9901309529719367,-0.007243189972441564,100.67808910013787
